{"schemaVersion":"1.0","appDefinitionTemplate":{"id":"/providers/Microsoft.PowerApps/apps/","type":"Microsoft.PowerApps/apps","tags":{"primaryDeviceWidth":"1366","primaryDeviceHeight":"768","supportsPortrait":"false","supportsLandscape":"true","primaryFormFactor":"Tablet","publisherVersion":"3.23034.14","minimumRequiredApiVersion":"2.2.0","hasComponent":"false","hasUnlockedComponent":"false","isUnifiedRootApp":"false","sienaVersion":"20230416T020547Z-3.23034.14.0"},"properties":{"appVersion":"2023-04-16T02:05:47Z","lifeCycleId":"Published","createdByClientVersion":{"major":3,"minor":23034,"build":14,"revision":0,"majorRevision":0,"minorRevision":0},"minClientVersion":{"major":3,"minor":23034,"build":14,"revision":0,"majorRevision":0,"minorRevision":0},"backgroundColor":"RGBA(0,176,240,1)","backgroundImageUri":"/3583193188126255050/Nab6f00d1-1ddf-44b5-aee2-492e8f23b86f-logoSmallFile","displayName":"QuickTask","description":"Triage your Outlook emails quickly into plans in Planner. Watch a distribution list and assign tasks - perfect for a service desk or customer inbox.","commitMessage":"","appUris":{"documentUri":{"value":"/3583193188126255050/Nda0c246c-0185-4250-9359-b023de8f575c-document.msapp"},"imageUris":[],"additionalUris":[]},"createdTime":"0001-01-01T00:00:00Z","lastModifiedTime":"0001-01-01T00:00:00Z","sharedGroupsCount":0,"sharedUsersCount":0,"connectionReferences":{"94c05aa7-14ce-4c06-8887-226bee80a740":{"id":"f16f234a-b735-4e32-befc-13856e4e58af","displayName":"Planner","iconUri":"https://connectoricons-prod.azureedge.net/releases/v1.0.1608/1.0.1608.3079/planner/icon.png","dataSources":["Planner"],"dependencies":[],"dependents":[],"parameterHints":{},"parameterHintsV2":{},"isOnPremiseConnection":false,"dataSets":{},"apiTier":"Standard","isCustomApiConnection":false,"actions":["ListMyPlansV2","UpdateTaskDetails","CreateTask","ListBuckets","CreateBucket"]},"3200487e-5437-4911-9b26-3a59da586094":{"id":"4589736d-7a5e-45fb-adeb-82cde2689bf2","displayName":"Office 365 Outlook","iconUri":"https://connectoricons-prod.azureedge.net/releases/v1.0.1626/1.0.1626.3238/office365/icon.png","dataSources":["Office365"],"dependencies":[],"dependents":[],"parameterHints":{},"parameterHintsV2":{},"isOnPremiseConnection":false,"dataSets":{},"apiTier":"Standard","isCustomApiConnection":false,"actions":["GetEmails","DeleteEmail","ReplyTo"]},"219f5f9a-bf95-462e-a9b2-234f0d6359b1":{"id":"44b215f2-6df7-49a1-8189-8db04459f5c7","displayName":"Office 365 Users","iconUri":"https://connectoricons-prod.azureedge.net/releases/v1.0.1626/1.0.1626.3238/office365users/icon.png","dataSources":["Office365Users"],"dependencies":[],"dependents":[],"parameterHints":{},"parameterHintsV2":{},"isOnPremiseConnection":false,"dataSets":{},"apiTier":"Standard","isCustomApiConnection":false,"actions":["MyProfile","UserProfileV2","UserPhotoMetadata","UserPhoto","SearchUser"]}},"databaseReferences":{},"almMode":"Environment","performanceOptimizationEnabled":true,"canConsumeAppPass":true,"enableModernRuntimeMode":false,"executionRestrictions":{"isTeamsOnly":false,"dataLossPreventionEvaluationResult":{"status":"Compliant","lastEvaluationDate":"2023-04-16T02:05:48.7120912Z","violations":[],"violationsByPolicy":[],"violationErrorMessage":"The app uses the following connectors: shared_planner, shared_office365, shared_office365users."}}},"appType":"ClassicCanvasApp","appComponents":[]}}